sourceUserId,displayName,email,phone,sourceRole,platformRole,supplierKind,supplierType,publicName,organizationName,organizationType,contactPersonName,city,area,latitude,longitude,preferredCategory,learnerType,interests,skillLevel,description,learnerBio,profileImageUrl,accountStatus,verificationStatus,organizationVerificationStatus,sourcePoints,createdAt,materialOwnerEligible
1,أحمد بدوي,user1@impactloop.demo,+970568078673,مساهم مواد,SUPPLIER,INDIVIDUAL,INDIVIDUAL_SUPPLIER,أحمد بدوي,,,,سلفيت,كفل حارس,32.084008,35.191378,كتب دراسية,,,,مساهم مواد مجتمعي يعرض مواد فائضة قابلة لإعادة الاستخدام، مع اهتمام خاص بفئة كتب دراسية.,,https://api.dicebear.com/9.x/initials/png?seed=%D8%A3%D8%AD%D9%85%D8%AF%20%D8%A8%D8%AF%D9%88%D9%8A,ACTIVE,APPROVED,,57,2025-04-08,true
2,وليد دويكات,user2@impactloop.demo,+970594698379,منظمة شريكة,SUPPLIER,ORGANIZATION,FACTORY,مصنع المدار للمعادن والبلاستيك,مصنع المدار للمعادن والبلاستيك,FACTORY,وليد دويكات,القدس,القدس,31.771314,35.218093,مواد خام,,,,جهة شريكة في ImpactLoop تعمل على إعادة الاستخدام وتبادل المواد، مع اهتمام خاص بفئة مواد خام.,,https://api.dicebear.com/9.x/initials/png?seed=%D9%88%D9%84%D9%8A%D8%AF%20%D8%AF%D9%88%D9%8A%D9%83%D8%A7%D8%AA,ACTIVE,APPROVED,VERIFIED,152,2025-01-25,true
3,باسل حداد,user3@impactloop.demo,+970562556017,منظمة شريكة,SUPPLIER,ORGANIZATION,WORKSHOP,ورشة الأمل للأثاث المستعمل,ورشة الأمل للأثاث المستعمل,WORKSHOP,باسل حداد,قلقيلية,الفندق,32.185331,34.960327,أثاث منزلي,,,,جهة شريكة في ImpactLoop تعمل على إعادة الاستخدام وتبادل المواد، مع اهتمام خاص بفئة أثاث منزلي.,,https://api.dicebear.com/9.x/initials/png?seed=%D8%A8%D8%A7%D8%B3%D9%84%20%D8%AD%D8%AF%D8%A7%D8%AF,ACTIVE,APPROVED,VERIFIED,193,2025-06-20,true
4,رغد حمد الله,user4@impactloop.demo,+970565918715,طالب,LEARNER,,,,,,,طوباس,عين البيضا,32.32903,35.359455,مواد بناء متبقية,STUDENT,woodworking|home_diy|recycling,ADVANCED,,متعلم مهتم بمشاريع إعادة الاستخدام المرتبطة بفئة مواد بناء متبقية.,https://api.dicebear.com/9.x/initials/png?seed=%D8%B1%D8%BA%D8%AF%20%D8%AD%D9%85%D8%AF%20%D8%A7%D9%84%D9%84%D9%87,ACTIVE,,,305,2025-04-23,false
5,خالد سلامة,user5@impactloop.demo,+970562694522,منظمة شريكة,SUPPLIER,ORGANIZATION,WORKSHOP,تعاونية أهل الخير لتبادل المواد,تعاونية أهل الخير لتبادل المواد,WORKSHOP,خالد سلامة,قلقيلية,قلقيلية,32.185128,34.978259,أدوات مطبخ,,,,جهة شريكة في ImpactLoop تعمل على إعادة الاستخدام وتبادل المواد، مع اهتمام خاص بفئة أدوات مطبخ.,,https://api.dicebear.com/9.x/initials/png?seed=%D8%AE%D8%A7%D9%84%D8%AF%20%D8%B3%D9%84%D8%A7%D9%85%D8%A9,ACTIVE,APPROVED,VERIFIED,242,2025-11-27,true
6,جود خطيب,user6@impactloop.demo,+970563871230,طالب,LEARNER,,,,,,,رام الله والبيرة,عين قينيا,31.898624,35.212734,ملابس,STUDENT,fabric_textiles|art_crafts|recycling,BEGINNER,,متعلم مهتم بمشاريع إعادة الاستخدام المرتبطة بفئة ملابس.,https://api.dicebear.com/9.x/initials/png?seed=%D8%AC%D9%88%D8%AF%20%D8%AE%D8%B7%D9%8A%D8%A8,ACTIVE,,,93,2025-08-13,false
7,نادين سلامة,user7@impactloop.demo,+970561538552,متطوع,SUPPLIER,INDIVIDUAL,INDIVIDUAL_SUPPLIER,نادين سلامة,,,,القدس,أبو ديس,31.757721,35.220103,معدات رياضية,,,,متطوع مجتمعي يساهم في توفير ومشاركة المواد القابلة لإعادة الاستخدام، ويهتم بشكل خاص بفئة معدات رياضية.,,https://api.dicebear.com/9.x/initials/png?seed=%D9%86%D8%A7%D8%AF%D9%8A%D9%86%20%D8%B3%D9%84%D8%A7%D9%85%D8%A9,ACTIVE,APPROVED,,147,2025-02-07,true
8,شهد الأغا,user8@impactloop.demo,+970593396987,متطوع,SUPPLIER,INDIVIDUAL,INDIVIDUAL_SUPPLIER,شهد الأغا,,,,الخليل,الخليل,31.523714,35.107914,أجهزة إلكترونية,,,,متطوع مجتمعي يساهم في توفير ومشاركة المواد القابلة لإعادة الاستخدام، ويهتم بشكل خاص بفئة أجهزة إلكترونية.,,https://api.dicebear.com/9.x/initials/png?seed=%D8%B4%D9%87%D8%AF%20%D8%A7%D9%84%D8%A3%D8%BA%D8%A7,ACTIVE,APPROVED,,136,2025-12-18,true
9,ديانا ياسين,user9@impactloop.demo,+970569548432,منظمة شريكة,SUPPLIER,ORGANIZATION,WORKSHOP,مركز البلسم لتوزيع الأثاث,مركز البلسم لتوزيع الأثاث,WORKSHOP,ديانا ياسين,أريحا,الجفتلك,31.865501,35.465629,أثاث منزلي,,,,جهة شريكة في ImpactLoop تعمل على إعادة الاستخدام وتبادل المواد، مع اهتمام خاص بفئة أثاث منزلي.,,https://api.dicebear.com/9.x/initials/png?seed=%D8%AF%D9%8A%D8%A7%D9%86%D8%A7%20%D9%8A%D8%A7%D8%B3%D9%8A%D9%86,ACTIVE,APPROVED,VERIFIED,396,2025-01-28,true
10,زيد جرادات,user10@impactloop.demo,+970597402509,طالب,LEARNER,,,,,,,القدس,العيزرية,31.762212,35.222572,ألعاب أطفال,STUDENT,art_crafts|recycling,INTERMEDIATE,,متعلم مهتم بمشاريع إعادة الاستخدام المرتبطة بفئة ألعاب أطفال.,https://api.dicebear.com/9.x/initials/png?seed=%D8%B2%D9%8A%D8%AF%20%D8%AC%D8%B1%D8%A7%D8%AF%D8%A7%D8%AA,ACTIVE,,,280,2025-05-18,false
11,حسن نزال,user11@impactloop.demo,+970592871534,متطوع,SUPPLIER,INDIVIDUAL,INDIVIDUAL_SUPPLIER,حسن نزال,,,,قلقيلية,قلقيلية,32.199284,34.981578,معدات رياضية,,,,متطوع مجتمعي يساهم في توفير ومشاركة المواد القابلة لإعادة الاستخدام، ويهتم بشكل خاص بفئة معدات رياضية.,,https://api.dicebear.com/9.x/initials/png?seed=%D8%AD%D8%B3%D9%86%20%D9%86%D8%B2%D8%A7%D9%84,ACTIVE,APPROVED,,90,2025-08-01,true
12,رزان رجوب,user12@impactloop.demo,+970599517169,طالب,LEARNER,,,,,,,طوباس,طوباس,32.317142,35.363015,ملابس,STUDENT,fabric_textiles|art_crafts|recycling,BEGINNER,,متعلم مهتم بمشاريع إعادة الاستخدام المرتبطة بفئة ملابس.,https://api.dicebear.com/9.x/initials/png?seed=%D8%B1%D8%B2%D8%A7%D9%86%20%D8%B1%D8%AC%D9%88%D8%A8,ACTIVE,,,88,2025-06-25,false
13,تامر سلايمة,user13@impactloop.demo,+970591326765,مساهم مواد,SUPPLIER,INDIVIDUAL,INDIVIDUAL_SUPPLIER,تامر سلايمة,,,,نابلس,نابلس,32.22255,35.250593,مواد بناء متبقية,,,,مساهم مواد مجتمعي يعرض مواد فائضة قابلة لإعادة الاستخدام، مع اهتمام خاص بفئة مواد بناء متبقية.,,https://api.dicebear.com/9.x/initials/png?seed=%D8%AA%D8%A7%D9%85%D8%B1%20%D8%B3%D9%84%D8%A7%D9%8A%D9%85%D8%A9,ACTIVE,APPROVED,,459,2025-05-08,true
14,معاذ قنديل,user14@impactloop.demo,+970569937326,مستفيد,LEARNER,,,,,,,جنين,جبع,32.452693,35.296407,أجهزة إلكترونية,COMMUNITY_MEMBER,electronics|circuits|arduino,ADVANCED,,متعلم مهتم بمشاريع إعادة الاستخدام المرتبطة بفئة أجهزة إلكترونية.,https://api.dicebear.com/9.x/initials/png?seed=%D9%85%D8%B9%D8%A7%D8%B0%20%D9%82%D9%86%D8%AF%D9%8A%D9%84,ACTIVE,,,347,2025-08-18,false
15,إياد سلايمة,user15@impactloop.demo,+970566229731,منظمة شريكة,SUPPLIER,ORGANIZATION,FACTORY,مصنع البنيان للمواد الإنشائية الفائضة,مصنع البنيان للمواد الإنشائية الفائضة,FACTORY,إياد سلايمة,أريحا,الجفتلك,31.851334,35.471731,مواد بناء متبقية,,,,جهة شريكة في ImpactLoop تعمل على إعادة الاستخدام وتبادل المواد، مع اهتمام خاص بفئة مواد بناء متبقية.,,https://api.dicebear.com/9.x/initials/png?seed=%D8%A5%D9%8A%D8%A7%D8%AF%20%D8%B3%D9%84%D8%A7%D9%8A%D9%85%D8%A9,ACTIVE,APPROVED,VERIFIED,234,2025-09-15,true
16,معاذ سلامة,user16@impactloop.demo,+970564694634,مساهم مواد,SUPPLIER,INDIVIDUAL,INDIVIDUAL_SUPPLIER,معاذ سلامة,,,,جنين,ميثلون,32.465435,35.311242,أثاث منزلي,,,,مساهم مواد مجتمعي يعرض مواد فائضة قابلة لإعادة الاستخدام، مع اهتمام خاص بفئة أثاث منزلي.,,https://api.dicebear.com/9.x/initials/png?seed=%D9%85%D8%B9%D8%A7%D8%B0%20%D8%B3%D9%84%D8%A7%D9%85%D8%A9,ACTIVE,APPROVED,,372,2025-11-02,true
17,يوسف دراغمة,user17@impactloop.demo,+970599143903,مستفيد,LEARNER,,,,,,,رام الله والبيرة,كوبر,31.893013,35.194794,أدوات مكتبية,COMMUNITY_MEMBER,art_crafts|recycling,BEGINNER,,متعلم مهتم بمشاريع إعادة الاستخدام المرتبطة بفئة أدوات مكتبية.,https://api.dicebear.com/9.x/initials/png?seed=%D9%8A%D9%88%D8%B3%D9%81%20%D8%AF%D8%B1%D8%A7%D8%BA%D9%85%D8%A9,ACTIVE,,,77,2025-12-19,false
18,رنا شلبي,user18@impactloop.demo,+970596944126,منظمة شريكة,SUPPLIER,ORGANIZATION,WORKSHOP,مبادرة خطوة نحو الدائرية,مبادرة خطوة نحو الدائرية,WORKSHOP,رنا شلبي,الخليل,دورا,31.530506,35.107089,معدات رياضية,,,,جهة شريكة في ImpactLoop تعمل على إعادة الاستخدام وتبادل المواد، مع اهتمام خاص بفئة معدات رياضية.,,https://api.dicebear.com/9.x/initials/png?seed=%D8%B1%D9%86%D8%A7%20%D8%B4%D9%84%D8%A8%D9%8A,ACTIVE,APPROVED,VERIFIED,249,2025-12-02,true
19,عمر دراوشة,user19@impactloop.demo,+970565171761,مستفيد,LEARNER,,,,,,,رام الله والبيرة,رام الله والبيرة,31.892019,35.197704,ملابس,COMMUNITY_MEMBER,fabric_textiles|art_crafts|recycling,INTERMEDIATE,,متعلم مهتم بمشاريع إعادة الاستخدام المرتبطة بفئة ملابس.,https://api.dicebear.com/9.x/initials/png?seed=%D8%B9%D9%85%D8%B1%20%D8%AF%D8%B1%D8%A7%D9%88%D8%B4%D8%A9,ACTIVE,,,284,2025-08-05,false
20,ليان بدوي,user20@impactloop.demo,+970592642635,مساهم مواد,SUPPLIER,INDIVIDUAL,INDIVIDUAL_SUPPLIER,ليان بدوي,,,,بيت لحم,بيت ساحور,31.715923,35.208448,أدوات مكتبية,,,,مساهم مواد مجتمعي يعرض مواد فائضة قابلة لإعادة الاستخدام، مع اهتمام خاص بفئة أدوات مكتبية.,,https://api.dicebear.com/9.x/initials/png?seed=%D9%84%D9%8A%D8%A7%D9%86%20%D8%A8%D8%AF%D9%88%D9%8A,ACTIVE,APPROVED,,438,2025-01-03,true
21,طارق عياش,user21@impactloop.demo,+970563762152,منظمة شريكة,SUPPLIER,ORGANIZATION,EDUCATIONAL_INSTITUTION,مركز المعرفة لإعادة استخدام المستلزمات التعليمية,مركز المعرفة لإعادة استخدام المستلزمات التعليمية,EDUCATIONAL_INSTITUTION,طارق عياش,بيت لحم,الدوحة,31.712329,35.211964,كتب دراسية,,,,جهة شريكة في ImpactLoop تعمل على إعادة الاستخدام وتبادل المواد، مع اهتمام خاص بفئة كتب دراسية.,,https://api.dicebear.com/9.x/initials/png?seed=%D8%B7%D8%A7%D8%B1%D9%82%20%D8%B9%D9%8A%D8%A7%D8%B4,ACTIVE,APPROVED,VERIFIED,209,2025-05-26,true
22,سلمى ياسين,user22@impactloop.demo,+970593597059,مستفيد,LEARNER,,,,,,,طوباس,طوباس,32.332951,35.360452,أدوات مطبخ,COMMUNITY_MEMBER,home_diy|recycling,BEGINNER,,متعلم مهتم بمشاريع إعادة الاستخدام المرتبطة بفئة أدوات مطبخ.,https://api.dicebear.com/9.x/initials/png?seed=%D8%B3%D9%84%D9%85%D9%89%20%D9%8A%D8%A7%D8%B3%D9%8A%D9%86,ACTIVE,,,121,2025-01-19,false
23,يزن طنبور,user23@impactloop.demo,+970561954280,طالب,LEARNER,,,,,,,نابلس,نابلس,32.229225,35.253852,أثاث منزلي,STUDENT,woodworking|home_diy|recycling,ADVANCED,,متعلم مهتم بمشاريع إعادة الاستخدام المرتبطة بفئة أثاث منزلي.,https://api.dicebear.com/9.x/initials/png?seed=%D9%8A%D8%B2%D9%86%20%D8%B7%D9%86%D8%A8%D9%88%D8%B1,ACTIVE,,,445,2025-03-03,false
24,معاذ دراوشة,user24@impactloop.demo,+970561666754,طالب,LEARNER,,,,,,,جنين,جنين,32.464118,35.290355,أثاث منزلي,STUDENT,woodworking|home_diy|recycling,INTERMEDIATE,,متعلم مهتم بمشاريع إعادة الاستخدام المرتبطة بفئة أثاث منزلي.,https://api.dicebear.com/9.x/initials/png?seed=%D9%85%D8%B9%D8%A7%D8%B0%20%D8%AF%D8%B1%D8%A7%D9%88%D8%B4%D8%A9,ACTIVE,,,224,2025-11-19,false
25,لمى عمرو,user25@impactloop.demo,+970565456272,منظمة شريكة,SUPPLIER,ORGANIZATION,WORKSHOP,مؤسسة دائرة الحياة للاستدامة,مؤسسة دائرة الحياة للاستدامة,WORKSHOP,لمى عمرو,القدس,القدس,31.763408,35.206526,أجهزة إلكترونية,,,,جهة شريكة في ImpactLoop تعمل على إعادة الاستخدام وتبادل المواد، مع اهتمام خاص بفئة أجهزة إلكترونية.,,https://api.dicebear.com/9.x/initials/png?seed=%D9%84%D9%85%D9%89%20%D8%B9%D9%85%D8%B1%D9%88,ACTIVE,APPROVED,VERIFIED,353,2025-11-10,true
26,فرح حمدان,user26@impactloop.demo,+970562229110,طالب,LEARNER,,,,,,,نابلس,قصرة,32.228988,35.254042,ملابس,STUDENT,fabric_textiles|art_crafts|recycling,INTERMEDIATE,,متعلم مهتم بمشاريع إعادة الاستخدام المرتبطة بفئة ملابس.,https://api.dicebear.com/9.x/initials/png?seed=%D9%81%D8%B1%D8%AD%20%D8%AD%D9%85%D8%AF%D8%A7%D9%86,ACTIVE,,,269,2025-05-05,false
27,ياسمين رشيد,user27@impactloop.demo,+970599874152,مساهم مواد,SUPPLIER,INDIVIDUAL,INDIVIDUAL_SUPPLIER,ياسمين رشيد,,,,رام الله والبيرة,بيرزيت,31.914706,35.193823,أدوات مكتبية,,,,مساهم مواد مجتمعي يعرض مواد فائضة قابلة لإعادة الاستخدام، مع اهتمام خاص بفئة أدوات مكتبية.,,https://api.dicebear.com/9.x/initials/png?seed=%D9%8A%D8%A7%D8%B3%D9%85%D9%8A%D9%86%20%D8%B1%D8%B4%D9%8A%D8%AF,ACTIVE,APPROVED,,163,2025-11-04,true
28,إياد الشريف,user28@impactloop.demo,+970565569244,متطوع,SUPPLIER,INDIVIDUAL,INDIVIDUAL_SUPPLIER,إياد الشريف,,,,جنين,جنين,32.467154,35.307437,مواد خام,,,,متطوع مجتمعي يساهم في توفير ومشاركة المواد القابلة لإعادة الاستخدام، ويهتم بشكل خاص بفئة مواد خام.,,https://api.dicebear.com/9.x/initials/png?seed=%D8%A5%D9%8A%D8%A7%D8%AF%20%D8%A7%D9%84%D8%B4%D8%B1%D9%8A%D9%81,ACTIVE,APPROVED,,117,2025-12-11,true
29,إياد عابدين,user29@impactloop.demo,+970568106422,متطوع,SUPPLIER,INDIVIDUAL,INDIVIDUAL_SUPPLIER,إياد عابدين,,,,بيت لحم,بيت جالا,31.694752,35.212553,كتب دراسية,,,,متطوع مجتمعي يساهم في توفير ومشاركة المواد القابلة لإعادة الاستخدام، ويهتم بشكل خاص بفئة كتب دراسية.,,https://api.dicebear.com/9.x/initials/png?seed=%D8%A5%D9%8A%D8%A7%D8%AF%20%D8%B9%D8%A7%D8%A8%D8%AF%D9%8A%D9%86,ACTIVE,APPROVED,,11,2025-06-25,true
30,إياد جرادات,user30@impactloop.demo,+970591162230,مساهم مواد,SUPPLIER,INDIVIDUAL,INDIVIDUAL_SUPPLIER,إياد جرادات,,,,بيت لحم,بيت لحم,31.699452,35.204424,أثاث منزلي,,,,مساهم مواد مجتمعي يعرض مواد فائضة قابلة لإعادة الاستخدام، مع اهتمام خاص بفئة أثاث منزلي.,,https://api.dicebear.com/9.x/initials/png?seed=%D8%A5%D9%8A%D8%A7%D8%AF%20%D8%AC%D8%B1%D8%A7%D8%AF%D8%A7%D8%AA,ACTIVE,APPROVED,,493,2025-12-05,true
31,سيف الأشقر,user31@impactloop.demo,+970566171716,متطوع,SUPPLIER,INDIVIDUAL,INDIVIDUAL_SUPPLIER,سيف الأشقر,,,,طوباس,الفارسية,32.323734,35.367919,كتب دراسية,,,,متطوع مجتمعي يساهم في توفير ومشاركة المواد القابلة لإعادة الاستخدام، ويهتم بشكل خاص بفئة كتب دراسية.,,https://api.dicebear.com/9.x/initials/png?seed=%D8%B3%D9%8A%D9%81%20%D8%A7%D9%84%D8%A3%D8%B4%D9%82%D8%B1,ACTIVE,APPROVED,,470,2025-06-07,true
32,علي القاضي,user32@impactloop.demo,+970593592974,مستفيد,LEARNER,,,,,,,طوباس,طوباس,32.315945,35.380177,أجهزة إلكترونية,COMMUNITY_MEMBER,electronics|circuits|arduino,ADVANCED,,متعلم مهتم بمشاريع إعادة الاستخدام المرتبطة بفئة أجهزة إلكترونية.,https://api.dicebear.com/9.x/initials/png?seed=%D8%B9%D9%84%D9%8A%20%D8%A7%D9%84%D9%82%D8%A7%D8%B6%D9%8A,ACTIVE,,,419,2025-03-14,false
33,سامر حداد,user33@impactloop.demo,+970565476257,مستفيد,LEARNER,,,,,,,الخليل,الخليل,31.531758,35.109719,أثاث منزلي,COMMUNITY_MEMBER,woodworking|home_diy|recycling,INTERMEDIATE,,متعلم مهتم بمشاريع إعادة الاستخدام المرتبطة بفئة أثاث منزلي.,https://api.dicebear.com/9.x/initials/png?seed=%D8%B3%D8%A7%D9%85%D8%B1%20%D8%AD%D8%AF%D8%A7%D8%AF,ACTIVE,,,205,2025-01-28,false
34,مي دويكات,user34@impactloop.demo,+970561397023,مستفيد,LEARNER,,,,,,,بيت لحم,تقوع,31.697639,35.206346,معدات رياضية,COMMUNITY_MEMBER,home_diy|recycling,INTERMEDIATE,,متعلم مهتم بمشاريع إعادة الاستخدام المرتبطة بفئة معدات رياضية.,https://api.dicebear.com/9.x/initials/png?seed=%D9%85%D9%8A%20%D8%AF%D9%88%D9%8A%D9%83%D8%A7%D8%AA,ACTIVE,,,178,2025-05-28,false
35,رامي القاضي,user35@impactloop.demo,+970591463060,مساهم مواد,SUPPLIER,INDIVIDUAL,INDIVIDUAL_SUPPLIER,رامي القاضي,,,,القدس,الجيب,31.758571,35.204087,أدوات مطبخ,,,,مساهم مواد مجتمعي يعرض مواد فائضة قابلة لإعادة الاستخدام، مع اهتمام خاص بفئة أدوات مطبخ.,,https://api.dicebear.com/9.x/initials/png?seed=%D8%B1%D8%A7%D9%85%D9%8A%20%D8%A7%D9%84%D9%82%D8%A7%D8%B6%D9%8A,ACTIVE,APPROVED,,101,2025-10-09,true
36,علي الحاج,user36@impactloop.demo,+970599580255,مساهم مواد,SUPPLIER,INDIVIDUAL,INDIVIDUAL_SUPPLIER,علي الحاج,,,,الخليل,حلحول,31.53849,35.095176,معدات رياضية,,,,مساهم مواد مجتمعي يعرض مواد فائضة قابلة لإعادة الاستخدام، مع اهتمام خاص بفئة معدات رياضية.,,https://api.dicebear.com/9.x/initials/png?seed=%D8%B9%D9%84%D9%8A%20%D8%A7%D9%84%D8%AD%D8%A7%D8%AC,ACTIVE,APPROVED,,470,2025-10-07,true
37,رغد ياسين,user37@impactloop.demo,+970567110622,منظمة شريكة,SUPPLIER,ORGANIZATION,WORKSHOP,جمعية إعادة التدوير الخيرية - نابلس,جمعية إعادة التدوير الخيرية - نابلس,WORKSHOP,رغد ياسين,نابلس,النصارية,32.210633,35.243178,أثاث منزلي,,,,جهة شريكة في ImpactLoop تعمل على إعادة الاستخدام وتبادل المواد، مع اهتمام خاص بفئة أثاث منزلي.,,https://api.dicebear.com/9.x/initials/png?seed=%D8%B1%D8%BA%D8%AF%20%D9%8A%D8%A7%D8%B3%D9%8A%D9%86,ACTIVE,APPROVED,VERIFIED,495,2025-11-11,true
38,رهف صوالحة,user38@impactloop.demo,+970597751158,متطوع,SUPPLIER,INDIVIDUAL,INDIVIDUAL_SUPPLIER,رهف صوالحة,,,,طوباس,عين البيضا,32.315273,35.36683,أدوات مكتبية,,,,متطوع مجتمعي يساهم في توفير ومشاركة المواد القابلة لإعادة الاستخدام، ويهتم بشكل خاص بفئة أدوات مكتبية.,,https://api.dicebear.com/9.x/initials/png?seed=%D8%B1%D9%87%D9%81%20%D8%B5%D9%88%D8%A7%D9%84%D8%AD%D8%A9,ACTIVE,APPROVED,,75,2025-04-14,true
39,ليان نوفل,user39@impactloop.demo,+970566098175,متطوع,SUPPLIER,INDIVIDUAL,INDIVIDUAL_SUPPLIER,ليان نوفل,,,,أريحا,الزبيدات,31.866863,35.458365,ملابس,,,,متطوع مجتمعي يساهم في توفير ومشاركة المواد القابلة لإعادة الاستخدام، ويهتم بشكل خاص بفئة ملابس.,,https://api.dicebear.com/9.x/initials/png?seed=%D9%84%D9%8A%D8%A7%D9%86%20%D9%86%D9%88%D9%81%D9%84,ACTIVE,APPROVED,,230,2025-10-20,true
40,أمل حسين,user40@impactloop.demo,+970593846949,مساهم مواد,SUPPLIER,INDIVIDUAL,INDIVIDUAL_SUPPLIER,أمل حسين,,,,بيت لحم,بيت لحم,31.695433,35.198015,أدوات مطبخ,,,,مساهم مواد مجتمعي يعرض مواد فائضة قابلة لإعادة الاستخدام، مع اهتمام خاص بفئة أدوات مطبخ.,,https://api.dicebear.com/9.x/initials/png?seed=%D8%A3%D9%85%D9%84%20%D8%AD%D8%B3%D9%8A%D9%86,ACTIVE,APPROVED,,273,2025-11-21,true
41,هبة رشيد,user41@impactloop.demo,+970561409790,مساهم مواد,SUPPLIER,INDIVIDUAL,INDIVIDUAL_SUPPLIER,هبة رشيد,,,,القدس,بيت حنينا,31.763573,35.202287,ملابس,,,,مساهم مواد مجتمعي يعرض مواد فائضة قابلة لإعادة الاستخدام، مع اهتمام خاص بفئة ملابس.,,https://api.dicebear.com/9.x/initials/png?seed=%D9%87%D8%A8%D8%A9%20%D8%B1%D8%B4%D9%8A%D8%AF,ACTIVE,APPROVED,,253,2025-10-28,true
42,عماد عياش,user42@impactloop.demo,+970599294272,منظمة شريكة,SUPPLIER,ORGANIZATION,WORKSHOP,مركز إعادة الإحياء الحرفي,مركز إعادة الإحياء الحرفي,WORKSHOP,عماد عياش,القدس,القدس,31.763648,35.208463,ملابس,,,,جهة شريكة في ImpactLoop تعمل على إعادة الاستخدام وتبادل المواد، مع اهتمام خاص بفئة ملابس.,,https://api.dicebear.com/9.x/initials/png?seed=%D8%B9%D9%85%D8%A7%D8%AF%20%D8%B9%D9%8A%D8%A7%D8%B4,ACTIVE,APPROVED,VERIFIED,85,2025-11-23,true
43,علي ياسين,user43@impactloop.demo,+970591842524,طالب,LEARNER,,,,,,,سلفيت,حارس,32.087927,35.191894,ملابس,STUDENT,fabric_textiles|art_crafts|recycling,ADVANCED,,متعلم مهتم بمشاريع إعادة الاستخدام المرتبطة بفئة ملابس.,https://api.dicebear.com/9.x/initials/png?seed=%D8%B9%D9%84%D9%8A%20%D9%8A%D8%A7%D8%B3%D9%8A%D9%86,ACTIVE,,,479,2025-02-15,false
44,عماد سلايمة,user44@impactloop.demo,+970599468772,منظمة شريكة,SUPPLIER,ORGANIZATION,WORKSHOP,جمعية يد بيد للمواد المستدامة,جمعية يد بيد للمواد المستدامة,WORKSHOP,عماد سلايمة,طوباس,طوباس,32.314778,35.377414,أدوات مكتبية,,,,جهة شريكة في ImpactLoop تعمل على إعادة الاستخدام وتبادل المواد، مع اهتمام خاص بفئة أدوات مكتبية.,,https://api.dicebear.com/9.x/initials/png?seed=%D8%B9%D9%85%D8%A7%D8%AF%20%D8%B3%D9%84%D8%A7%D9%8A%D9%85%D8%A9,ACTIVE,APPROVED,VERIFIED,238,2025-03-24,true
45,وعد عبد الهادي,user45@impactloop.demo,+970599745959,منظمة شريكة,SUPPLIER,ORGANIZATION,WORKSHOP,جمعية زيتونة للاستدامة المجتمعية,جمعية زيتونة للاستدامة المجتمعية,WORKSHOP,وعد عبد الهادي,سلفيت,سلفيت,32.07048,35.18367,ملابس,,,,جهة شريكة في ImpactLoop تعمل على إعادة الاستخدام وتبادل المواد، مع اهتمام خاص بفئة ملابس.,,https://api.dicebear.com/9.x/initials/png?seed=%D9%88%D8%B9%D8%AF%20%D8%B9%D8%A8%D8%AF%20%D8%A7%D9%84%D9%87%D8%A7%D8%AF%D9%8A,ACTIVE,APPROVED,VERIFIED,150,2025-08-03,true
46,رنا بدوي,user46@impactloop.demo,+970563321531,مستفيد,LEARNER,,,,,,,رام الله والبيرة,عابود,31.900028,35.215075,ملابس,COMMUNITY_MEMBER,fabric_textiles|art_crafts|recycling,INTERMEDIATE,,متعلم مهتم بمشاريع إعادة الاستخدام المرتبطة بفئة ملابس.,https://api.dicebear.com/9.x/initials/png?seed=%D8%B1%D9%86%D8%A7%20%D8%A8%D8%AF%D9%88%D9%8A,ACTIVE,,,206,2025-12-05,false
47,يوسف عياش,user47@impactloop.demo,+970592044645,مستفيد,LEARNER,,,,,,,الخليل,السموع,31.539271,35.095051,معدات رياضية,COMMUNITY_MEMBER,home_diy|recycling,INTERMEDIATE,,متعلم مهتم بمشاريع إعادة الاستخدام المرتبطة بفئة معدات رياضية.,https://api.dicebear.com/9.x/initials/png?seed=%D9%8A%D9%88%D8%B3%D9%81%20%D8%B9%D9%8A%D8%A7%D8%B4,ACTIVE,,,209,2025-10-23,false
48,نبيل فروانة,user48@impactloop.demo,+970597542890,منظمة شريكة,SUPPLIER,ORGANIZATION,EDUCATIONAL_INSTITUTION,مركز أفق للتعليم والاستدامة,مركز أفق للتعليم والاستدامة,EDUCATIONAL_INSTITUTION,نبيل فروانة,بيت لحم,حوسان,31.700327,35.205727,أدوات مكتبية,,,,جهة شريكة في ImpactLoop تعمل على إعادة الاستخدام وتبادل المواد، مع اهتمام خاص بفئة أدوات مكتبية.,,https://api.dicebear.com/9.x/initials/png?seed=%D9%86%D8%A8%D9%8A%D9%84%20%D9%81%D8%B1%D9%88%D8%A7%D9%86%D8%A9,ACTIVE,APPROVED,VERIFIED,392,2025-12-18,true
49,سليم سلامة,user49@impactloop.demo,+970596639317,منظمة شريكة,SUPPLIER,ORGANIZATION,WORKSHOP,ورشة الإبداع لتدوير الإلكترونيات,ورشة الإبداع لتدوير الإلكترونيات,WORKSHOP,سليم سلامة,قلقيلية,عزون,32.178018,34.966606,أجهزة إلكترونية,,,,جهة شريكة في ImpactLoop تعمل على إعادة الاستخدام وتبادل المواد، مع اهتمام خاص بفئة أجهزة إلكترونية.,,https://api.dicebear.com/9.x/initials/png?seed=%D8%B3%D9%84%D9%8A%D9%85%20%D8%B3%D9%84%D8%A7%D9%85%D8%A9,ACTIVE,APPROVED,VERIFIED,440,2025-08-05,true
50,جاد الأشقر,user50@impactloop.demo,+970568190929,مستفيد,LEARNER,,,,,,,أريحا,أريحا,31.857857,35.449834,ألعاب أطفال,COMMUNITY_MEMBER,art_crafts|recycling,BEGINNER,,متعلم مهتم بمشاريع إعادة الاستخدام المرتبطة بفئة ألعاب أطفال.,https://api.dicebear.com/9.x/initials/png?seed=%D8%AC%D8%A7%D8%AF%20%D8%A7%D9%84%D8%A3%D8%B4%D9%82%D8%B1,ACTIVE,,,103,2025-01-09,false
51,فرح عمرو,user51@impactloop.demo,+970598072684,متطوع,SUPPLIER,INDIVIDUAL,INDIVIDUAL_SUPPLIER,فرح عمرو,,,,بيت لحم,الدوحة,31.708064,35.206653,أثاث منزلي,,,,متطوع مجتمعي يساهم في توفير ومشاركة المواد القابلة لإعادة الاستخدام، ويهتم بشكل خاص بفئة أثاث منزلي.,,https://api.dicebear.com/9.x/initials/png?seed=%D9%81%D8%B1%D8%AD%20%D8%B9%D9%85%D8%B1%D9%88,ACTIVE,APPROVED,,250,2025-01-24,true
52,حمزة سلامة,user52@impactloop.demo,+970565148725,مستفيد,LEARNER,,,,,,,القدس,أبو ديس,31.76659,35.206084,كتب دراسية,COMMUNITY_MEMBER,education|recycling,ADVANCED,,متعلم مهتم بمشاريع إعادة الاستخدام المرتبطة بفئة كتب دراسية.,https://api.dicebear.com/9.x/initials/png?seed=%D8%AD%D9%85%D8%B2%D8%A9%20%D8%B3%D9%84%D8%A7%D9%85%D8%A9,ACTIVE,,,328,2025-03-08,false
53,ماهر الشريف,user53@impactloop.demo,+970595299055,متطوع,SUPPLIER,INDIVIDUAL,INDIVIDUAL_SUPPLIER,ماهر الشريف,,,,أريحا,أريحا,31.864847,35.472875,أجهزة إلكترونية,,,,متطوع مجتمعي يساهم في توفير ومشاركة المواد القابلة لإعادة الاستخدام، ويهتم بشكل خاص بفئة أجهزة إلكترونية.,,https://api.dicebear.com/9.x/initials/png?seed=%D9%85%D8%A7%D9%87%D8%B1%20%D8%A7%D9%84%D8%B4%D8%B1%D9%8A%D9%81,ACTIVE,APPROVED,,320,2025-10-24,true
54,طارق صوالحة,user54@impactloop.demo,+970597296605,منظمة شريكة,SUPPLIER,ORGANIZATION,WORKSHOP,ورشة الصانع الصغير للحرف اليدوية,ورشة الصانع الصغير للحرف اليدوية,WORKSHOP,طارق صوالحة,جنين,جنين,32.468685,35.300635,ملابس,,,,جهة شريكة في ImpactLoop تعمل على إعادة الاستخدام وتبادل المواد، مع اهتمام خاص بفئة ملابس.,,https://api.dicebear.com/9.x/initials/png?seed=%D8%B7%D8%A7%D8%B1%D9%82%20%D8%B5%D9%88%D8%A7%D9%84%D8%AD%D8%A9,ACTIVE,APPROVED,VERIFIED,48,2025-10-23,true
55,علي صوالحة,user55@impactloop.demo,+970561689025,متطوع,SUPPLIER,INDIVIDUAL,INDIVIDUAL_SUPPLIER,علي صوالحة,,,,القدس,القدس,31.761293,35.216683,أدوات مكتبية,,,,متطوع مجتمعي يساهم في توفير ومشاركة المواد القابلة لإعادة الاستخدام، ويهتم بشكل خاص بفئة أدوات مكتبية.,,https://api.dicebear.com/9.x/initials/png?seed=%D8%B9%D9%84%D9%8A%20%D8%B5%D9%88%D8%A7%D9%84%D8%AD%D8%A9,ACTIVE,APPROVED,,229,2025-11-12,true
56,فراس حداد,user56@impactloop.demo,+970592770648,منظمة شريكة,SUPPLIER,ORGANIZATION,WORKSHOP,ورشة النجاح لتدوير الأخشاب,ورشة النجاح لتدوير الأخشاب,WORKSHOP,فراس حداد,نابلس,نابلس,32.21972,35.254564,مواد بناء متبقية,,,,جهة شريكة في ImpactLoop تعمل على إعادة الاستخدام وتبادل المواد، مع اهتمام خاص بفئة مواد بناء متبقية.,,https://api.dicebear.com/9.x/initials/png?seed=%D9%81%D8%B1%D8%A7%D8%B3%20%D8%AD%D8%AF%D8%A7%D8%AF,ACTIVE,APPROVED,VERIFIED,335,2025-08-23,true
57,باسل رجوب,user57@impactloop.demo,+970599111742,منظمة شريكة,SUPPLIER,ORGANIZATION,WORKSHOP,تعاونية الوفاء الزراعية,تعاونية الوفاء الزراعية,WORKSHOP,باسل رجوب,طوباس,طوباس,32.311494,35.381691,معدات رياضية,,,,جهة شريكة في ImpactLoop تعمل على إعادة الاستخدام وتبادل المواد، مع اهتمام خاص بفئة معدات رياضية.,,https://api.dicebear.com/9.x/initials/png?seed=%D8%A8%D8%A7%D8%B3%D9%84%20%D8%B1%D8%AC%D9%88%D8%A8,ACTIVE,APPROVED,VERIFIED,432,2025-12-19,true
58,فرح رشيد,user58@impactloop.demo,+970568796514,طالب,LEARNER,,,,,,,جنين,جبع,32.455971,35.311549,مواد خام,STUDENT,recycling|home_diy,ADVANCED,,متعلم مهتم بمشاريع إعادة الاستخدام المرتبطة بفئة مواد خام.,https://api.dicebear.com/9.x/initials/png?seed=%D9%81%D8%B1%D8%AD%20%D8%B1%D8%B4%D9%8A%D8%AF,ACTIVE,,,352,2025-07-11,false
59,سليم عبد اللطيف,user59@impactloop.demo,+970596709938,متطوع,SUPPLIER,INDIVIDUAL,INDIVIDUAL_SUPPLIER,سليم عبد اللطيف,,,,طولكرم,فرعون,32.318317,35.037191,مواد خام,,,,متطوع مجتمعي يساهم في توفير ومشاركة المواد القابلة لإعادة الاستخدام، ويهتم بشكل خاص بفئة مواد خام.,,https://api.dicebear.com/9.x/initials/png?seed=%D8%B3%D9%84%D9%8A%D9%85%20%D8%B9%D8%A8%D8%AF%20%D8%A7%D9%84%D9%84%D8%B7%D9%8A%D9%81,ACTIVE,APPROVED,,369,2025-05-18,true
60,مصعب دويكات,user60@impactloop.demo,+970595031966,منظمة شريكة,SUPPLIER,ORGANIZATION,WORKSHOP,مركز الحرف الخضراء لإعادة الاستخدام,مركز الحرف الخضراء لإعادة الاستخدام,WORKSHOP,مصعب دويكات,جنين,زبوبا,32.470051,35.289681,ألعاب أطفال,,,,جهة شريكة في ImpactLoop تعمل على إعادة الاستخدام وتبادل المواد، مع اهتمام خاص بفئة ألعاب أطفال.,,https://api.dicebear.com/9.x/initials/png?seed=%D9%85%D8%B5%D8%B9%D8%A8%20%D8%AF%D9%88%D9%8A%D9%83%D8%A7%D8%AA,ACTIVE,APPROVED,VERIFIED,239,2025-01-03,true
61,مي دراوشة,user61@impactloop.demo,+970598939993,طالب,LEARNER,,,,,,,سلفيت,فرخة,32.086567,35.173231,أدوات مكتبية,STUDENT,art_crafts|recycling,INTERMEDIATE,,متعلم مهتم بمشاريع إعادة الاستخدام المرتبطة بفئة أدوات مكتبية.,https://api.dicebear.com/9.x/initials/png?seed=%D9%85%D9%8A%20%D8%AF%D8%B1%D8%A7%D9%88%D8%B4%D8%A9,ACTIVE,,,186,2025-07-24,false
62,آية حمد الله,user62@impactloop.demo,+970564231028,متطوع,SUPPLIER,INDIVIDUAL,INDIVIDUAL_SUPPLIER,آية حمد الله,,,,قلقيلية,كفر ثلث,32.187593,34.959556,أثاث منزلي,,,,متطوع مجتمعي يساهم في توفير ومشاركة المواد القابلة لإعادة الاستخدام، ويهتم بشكل خاص بفئة أثاث منزلي.,,https://api.dicebear.com/9.x/initials/png?seed=%D8%A2%D9%8A%D8%A9%20%D8%AD%D9%85%D8%AF%20%D8%A7%D9%84%D9%84%D9%87,ACTIVE,APPROVED,,390,2025-09-25,true
63,نضال عمرو,user63@impactloop.demo,+970592686548,مستفيد,LEARNER,,,,,,,بيت لحم,مرح معلا,31.712224,35.200409,أدوات مطبخ,COMMUNITY_MEMBER,home_diy|recycling,BEGINNER,,متعلم مهتم بمشاريع إعادة الاستخدام المرتبطة بفئة أدوات مطبخ.,https://api.dicebear.com/9.x/initials/png?seed=%D9%86%D8%B6%D8%A7%D9%84%20%D8%B9%D9%85%D8%B1%D9%88,ACTIVE,,,126,2025-06-06,false
64,سارة نزال,user64@impactloop.demo,+970593118618,منظمة شريكة,SUPPLIER,ORGANIZATION,WORKSHOP,ورشة سند لتجديد الأثاث,ورشة سند لتجديد الأثاث,WORKSHOP,سارة نزال,طولكرم,عنبتا,32.320177,35.037843,أثاث منزلي,,,,جهة شريكة في ImpactLoop تعمل على إعادة الاستخدام وتبادل المواد، مع اهتمام خاص بفئة أثاث منزلي.,,https://api.dicebear.com/9.x/initials/png?seed=%D8%B3%D8%A7%D8%B1%D8%A9%20%D9%86%D8%B2%D8%A7%D9%84,ACTIVE,APPROVED,VERIFIED,456,2025-01-19,true
65,روان شلبي,user65@impactloop.demo,+970599014965,مساهم مواد,SUPPLIER,INDIVIDUAL,INDIVIDUAL_SUPPLIER,روان شلبي,,,,بيت لحم,بيت جالا,31.698945,35.197976,أثاث منزلي,,,,مساهم مواد مجتمعي يعرض مواد فائضة قابلة لإعادة الاستخدام، مع اهتمام خاص بفئة أثاث منزلي.,,https://api.dicebear.com/9.x/initials/png?seed=%D8%B1%D9%88%D8%A7%D9%86%20%D8%B4%D9%84%D8%A8%D9%8A,ACTIVE,APPROVED,,215,2025-08-03,true
66,زيد حنون,user66@impactloop.demo,+970565163953,مساهم مواد,SUPPLIER,INDIVIDUAL,INDIVIDUAL_SUPPLIER,زيد حنون,,,,أريحا,أريحا,31.850719,35.457454,أدوات مكتبية,,,,مساهم مواد مجتمعي يعرض مواد فائضة قابلة لإعادة الاستخدام، مع اهتمام خاص بفئة أدوات مكتبية.,,https://api.dicebear.com/9.x/initials/png?seed=%D8%B2%D9%8A%D8%AF%20%D8%AD%D9%86%D9%88%D9%86,ACTIVE,APPROVED,,401,2025-07-20,true
67,مصعب فروانة,user67@impactloop.demo,+970598194570,متطوع,SUPPLIER,INDIVIDUAL,INDIVIDUAL_SUPPLIER,مصعب فروانة,,,,بيت لحم,بيت لحم,31.715644,35.213546,مواد خام,,,,متطوع مجتمعي يساهم في توفير ومشاركة المواد القابلة لإعادة الاستخدام، ويهتم بشكل خاص بفئة مواد خام.,,https://api.dicebear.com/9.x/initials/png?seed=%D9%85%D8%B5%D8%B9%D8%A8%20%D9%81%D8%B1%D9%88%D8%A7%D9%86%D8%A9,ACTIVE,APPROVED,,327,2025-01-20,true
68,وائل عمرو,user68@impactloop.demo,+970565024269,مستفيد,LEARNER,,,,,,,قلقيلية,قلقيلية,32.189364,34.981262,أدوات مكتبية,COMMUNITY_MEMBER,art_crafts|recycling,BEGINNER,,متعلم مهتم بمشاريع إعادة الاستخدام المرتبطة بفئة أدوات مكتبية.,https://api.dicebear.com/9.x/initials/png?seed=%D9%88%D8%A7%D8%A6%D9%84%20%D8%B9%D9%85%D8%B1%D9%88,ACTIVE,,,48,2025-03-01,false
69,وعد الحاج,user69@impactloop.demo,+970595743227,منظمة شريكة,SUPPLIER,ORGANIZATION,WORKSHOP,مؤسسة الجسر لإعادة الاستخدام,مؤسسة الجسر لإعادة الاستخدام,WORKSHOP,وعد الحاج,بيت لحم,تقوع,31.71064,35.198749,أثاث منزلي,,,,جهة شريكة في ImpactLoop تعمل على إعادة الاستخدام وتبادل المواد، مع اهتمام خاص بفئة أثاث منزلي.,,https://api.dicebear.com/9.x/initials/png?seed=%D9%88%D8%B9%D8%AF%20%D8%A7%D9%84%D8%AD%D8%A7%D8%AC,ACTIVE,APPROVED,VERIFIED,361,2025-04-09,true
70,باسل الشريف,user70@impactloop.demo,+970593386328,مساهم مواد,SUPPLIER,INDIVIDUAL,INDIVIDUAL_SUPPLIER,باسل الشريف,,,,طوباس,الفارسية,32.315272,35.362626,كتب دراسية,,,,مساهم مواد مجتمعي يعرض مواد فائضة قابلة لإعادة الاستخدام، مع اهتمام خاص بفئة كتب دراسية.,,https://api.dicebear.com/9.x/initials/png?seed=%D8%A8%D8%A7%D8%B3%D9%84%20%D8%A7%D9%84%D8%B4%D8%B1%D9%8A%D9%81,ACTIVE,APPROVED,,94,2025-05-20,true
71,وعد الشريف,user71@impactloop.demo,+970595567533,طالب,LEARNER,,,,,,,بيت لحم,بيت لحم,31.695907,35.197112,أدوات مكتبية,STUDENT,art_crafts|recycling,INTERMEDIATE,,متعلم مهتم بمشاريع إعادة الاستخدام المرتبطة بفئة أدوات مكتبية.,https://api.dicebear.com/9.x/initials/png?seed=%D9%88%D8%B9%D8%AF%20%D8%A7%D9%84%D8%B4%D8%B1%D9%8A%D9%81,ACTIVE,,,262,2025-08-03,false
72,باسل عبد اللطيف,user72@impactloop.demo,+970561348050,متطوع,SUPPLIER,INDIVIDUAL,INDIVIDUAL_SUPPLIER,باسل عبد اللطيف,,,,أريحا,النويعمة,31.851334,35.461343,مواد خام,,,,متطوع مجتمعي يساهم في توفير ومشاركة المواد القابلة لإعادة الاستخدام، ويهتم بشكل خاص بفئة مواد خام.,,https://api.dicebear.com/9.x/initials/png?seed=%D8%A8%D8%A7%D8%B3%D9%84%20%D8%B9%D8%A8%D8%AF%20%D8%A7%D9%84%D9%84%D8%B7%D9%8A%D9%81,ACTIVE,APPROVED,,30,2025-03-16,true
73,إيمان رجوب,user73@impactloop.demo,+970568885465,متطوع,SUPPLIER,INDIVIDUAL,INDIVIDUAL_SUPPLIER,إيمان رجوب,,,,أريحا,النبي موسى,31.85364,35.469637,معدات رياضية,,,,متطوع مجتمعي يساهم في توفير ومشاركة المواد القابلة لإعادة الاستخدام، ويهتم بشكل خاص بفئة معدات رياضية.,,https://api.dicebear.com/9.x/initials/png?seed=%D8%A5%D9%8A%D9%85%D8%A7%D9%86%20%D8%B1%D8%AC%D9%88%D8%A8,ACTIVE,APPROVED,,180,2025-06-22,true
74,طارق حداد,user74@impactloop.demo,+970597718473,طالب,LEARNER,,,,,,,الخليل,الخليل,31.526405,35.099999,كتب دراسية,STUDENT,education|recycling,INTERMEDIATE,,متعلم مهتم بمشاريع إعادة الاستخدام المرتبطة بفئة كتب دراسية.,https://api.dicebear.com/9.x/initials/png?seed=%D8%B7%D8%A7%D8%B1%D9%82%20%D8%AD%D8%AF%D8%A7%D8%AF,ACTIVE,,,242,2025-02-11,false
75,فرح الشريف,user75@impactloop.demo,+970568750676,منظمة شريكة,SUPPLIER,ORGANIZATION,EDUCATIONAL_INSTITUTION,مركز منارة للمستلزمات التعليمية المستدامة,مركز منارة للمستلزمات التعليمية المستدامة,EDUCATIONAL_INSTITUTION,فرح الشريف,الخليل,الخليل,31.522106,35.093035,كتب دراسية,,,,جهة شريكة في ImpactLoop تعمل على إعادة الاستخدام وتبادل المواد، مع اهتمام خاص بفئة كتب دراسية.,,https://api.dicebear.com/9.x/initials/png?seed=%D9%81%D8%B1%D8%AD%20%D8%A7%D9%84%D8%B4%D8%B1%D9%8A%D9%81,ACTIVE,APPROVED,VERIFIED,106,2025-09-12,true
76,وعد طنبور,user76@impactloop.demo,+970598350368,منظمة شريكة,SUPPLIER,ORGANIZATION,WORKSHOP,مبادرة حياة ثانية لتبادل المواد,مبادرة حياة ثانية لتبادل المواد,WORKSHOP,وعد طنبور,سلفيت,دير استيا,32.092251,35.185577,أثاث منزلي,,,,جهة شريكة في ImpactLoop تعمل على إعادة الاستخدام وتبادل المواد، مع اهتمام خاص بفئة أثاث منزلي.,,https://api.dicebear.com/9.x/initials/png?seed=%D9%88%D8%B9%D8%AF%20%D8%B7%D9%86%D8%A8%D9%88%D8%B1,ACTIVE,APPROVED,VERIFIED,24,2025-11-20,true
77,وليد عياش,user77@impactloop.demo,+970592970754,مستفيد,LEARNER,,,,,,,جنين,اليامون,32.471484,35.310771,ألعاب أطفال,COMMUNITY_MEMBER,art_crafts|recycling,ADVANCED,,متعلم مهتم بمشاريع إعادة الاستخدام المرتبطة بفئة ألعاب أطفال.,https://api.dicebear.com/9.x/initials/png?seed=%D9%88%D9%84%D9%8A%D8%AF%20%D8%B9%D9%8A%D8%A7%D8%B4,ACTIVE,,,487,2025-12-10,false
78,ريتاج شلبي,user78@impactloop.demo,+970567435505,مستفيد,LEARNER,,,,,,,بيت لحم,زعترة,31.709265,35.203702,مواد خام,COMMUNITY_MEMBER,recycling|home_diy,INTERMEDIATE,,متعلم مهتم بمشاريع إعادة الاستخدام المرتبطة بفئة مواد خام.,https://api.dicebear.com/9.x/initials/png?seed=%D8%B1%D9%8A%D8%AA%D8%A7%D8%AC%20%D8%B4%D9%84%D8%A8%D9%8A,ACTIVE,,,270,2025-12-05,false
79,رامي عياش,user79@impactloop.demo,+970591043037,متطوع,SUPPLIER,INDIVIDUAL,INDIVIDUAL_SUPPLIER,رامي عياش,,,,رام الله والبيرة,رام الله والبيرة,31.89908,35.200306,أدوات مطبخ,,,,متطوع مجتمعي يساهم في توفير ومشاركة المواد القابلة لإعادة الاستخدام، ويهتم بشكل خاص بفئة أدوات مطبخ.,,https://api.dicebear.com/9.x/initials/png?seed=%D8%B1%D8%A7%D9%85%D9%8A%20%D8%B9%D9%8A%D8%A7%D8%B4,ACTIVE,APPROVED,,438,2025-10-19,true
80,دانا حسين,user80@impactloop.demo,+970598639414,متطوع,SUPPLIER,INDIVIDUAL,INDIVIDUAL_SUPPLIER,دانا حسين,,,,طوباس,كردلة,32.314558,35.358094,ملابس,,,,متطوع مجتمعي يساهم في توفير ومشاركة المواد القابلة لإعادة الاستخدام، ويهتم بشكل خاص بفئة ملابس.,,https://api.dicebear.com/9.x/initials/png?seed=%D8%AF%D8%A7%D9%86%D8%A7%20%D8%AD%D8%B3%D9%8A%D9%86,ACTIVE,APPROVED,,367,2025-04-19,true
81,مي عياش,user81@impactloop.demo,+970597477326,مستفيد,LEARNER,,,,,,,نابلس,بيت وزن,32.224709,35.263055,ألعاب أطفال,COMMUNITY_MEMBER,art_crafts|recycling,BEGINNER,,متعلم مهتم بمشاريع إعادة الاستخدام المرتبطة بفئة ألعاب أطفال.,https://api.dicebear.com/9.x/initials/png?seed=%D9%85%D9%8A%20%D8%B9%D9%8A%D8%A7%D8%B4,ACTIVE,,,28,2025-03-17,false
82,نور حسين,user82@impactloop.demo,+970563418526,منظمة شريكة,SUPPLIER,ORGANIZATION,WORKSHOP,ورشة نبض لتجديد الأدوات,ورشة نبض لتجديد الأدوات,WORKSHOP,نور حسين,جنين,جبع,32.469769,35.30739,أجهزة إلكترونية,,,,جهة شريكة في ImpactLoop تعمل على إعادة الاستخدام وتبادل المواد، مع اهتمام خاص بفئة أجهزة إلكترونية.,,https://api.dicebear.com/9.x/initials/png?seed=%D9%86%D9%88%D8%B1%20%D8%AD%D8%B3%D9%8A%D9%86,ACTIVE,APPROVED,VERIFIED,48,2025-08-26,true
83,دعاء نوفل,user83@impactloop.demo,+970599952696,منظمة شريكة,SUPPLIER,ORGANIZATION,FACTORY,مصنع الرواد لفوائض الأخشاب,مصنع الرواد لفوائض الأخشاب,FACTORY,دعاء نوفل,الخليل,الخليل,31.521732,35.093508,مواد بناء متبقية,,,,جهة شريكة في ImpactLoop تعمل على إعادة الاستخدام وتبادل المواد، مع اهتمام خاص بفئة مواد بناء متبقية.,,https://api.dicebear.com/9.x/initials/png?seed=%D8%AF%D8%B9%D8%A7%D8%A1%20%D9%86%D9%88%D9%81%D9%84,ACTIVE,APPROVED,VERIFIED,330,2025-12-25,true
84,لارا دراغمة,user84@impactloop.demo,+970562516313,منظمة شريكة,SUPPLIER,ORGANIZATION,WORKSHOP,مؤسسة روافد للموارد المستدامة,مؤسسة روافد للموارد المستدامة,WORKSHOP,لارا دراغمة,أريحا,مرج نعجة,31.863713,35.472764,أثاث منزلي,,,,جهة شريكة في ImpactLoop تعمل على إعادة الاستخدام وتبادل المواد، مع اهتمام خاص بفئة أثاث منزلي.,,https://api.dicebear.com/9.x/initials/png?seed=%D9%84%D8%A7%D8%B1%D8%A7%20%D8%AF%D8%B1%D8%A7%D8%BA%D9%85%D8%A9,ACTIVE,APPROVED,VERIFIED,399,2025-11-23,true
85,مراد جرادات,user85@impactloop.demo,+970566442103,مساهم مواد,SUPPLIER,INDIVIDUAL,INDIVIDUAL_SUPPLIER,مراد جرادات,,,,قلقيلية,قلقيلية,32.193451,34.973023,أدوات مطبخ,,,,مساهم مواد مجتمعي يعرض مواد فائضة قابلة لإعادة الاستخدام، مع اهتمام خاص بفئة أدوات مطبخ.,,https://api.dicebear.com/9.x/initials/png?seed=%D9%85%D8%B1%D8%A7%D8%AF%20%D8%AC%D8%B1%D8%A7%D8%AF%D8%A7%D8%AA,ACTIVE,APPROVED,,193,2025-06-14,true
86,معاذ سلايمة,user86@impactloop.demo,+970563851852,مستفيد,LEARNER,,,,,,,الخليل,الخليل,31.541526,35.094867,أثاث منزلي,COMMUNITY_MEMBER,woodworking|home_diy|recycling,ADVANCED,,متعلم مهتم بمشاريع إعادة الاستخدام المرتبطة بفئة أثاث منزلي.,https://api.dicebear.com/9.x/initials/png?seed=%D9%85%D8%B9%D8%A7%D8%B0%20%D8%B3%D9%84%D8%A7%D9%8A%D9%85%D8%A9,ACTIVE,,,322,2025-07-20,false
87,سليم الأشقر,user87@impactloop.demo,+970595283671,مساهم مواد,SUPPLIER,INDIVIDUAL,INDIVIDUAL_SUPPLIER,سليم الأشقر,,,,طولكرم,شويكة,32.322386,35.036623,ألعاب أطفال,,,,مساهم مواد مجتمعي يعرض مواد فائضة قابلة لإعادة الاستخدام، مع اهتمام خاص بفئة ألعاب أطفال.,,https://api.dicebear.com/9.x/initials/png?seed=%D8%B3%D9%84%D9%8A%D9%85%20%D8%A7%D9%84%D8%A3%D8%B4%D9%82%D8%B1,ACTIVE,APPROVED,,471,2025-05-22,true
88,يوسف حسين,user88@impactloop.demo,+970598118722,متطوع,SUPPLIER,INDIVIDUAL,INDIVIDUAL_SUPPLIER,يوسف حسين,,,,رام الله والبيرة,رام الله والبيرة,31.901414,35.207487,ألعاب أطفال,,,,متطوع مجتمعي يساهم في توفير ومشاركة المواد القابلة لإعادة الاستخدام، ويهتم بشكل خاص بفئة ألعاب أطفال.,,https://api.dicebear.com/9.x/initials/png?seed=%D9%8A%D9%88%D8%B3%D9%81%20%D8%AD%D8%B3%D9%8A%D9%86,ACTIVE,APPROVED,,442,2025-05-07,true
89,روان قاسم,user89@impactloop.demo,+970595953150,مساهم مواد,SUPPLIER,INDIVIDUAL,INDIVIDUAL_SUPPLIER,روان قاسم,,,,سلفيت,مسحة,32.082902,35.18059,معدات رياضية,,,,مساهم مواد مجتمعي يعرض مواد فائضة قابلة لإعادة الاستخدام، مع اهتمام خاص بفئة معدات رياضية.,,https://api.dicebear.com/9.x/initials/png?seed=%D8%B1%D9%88%D8%A7%D9%86%20%D9%82%D8%A7%D8%B3%D9%85,ACTIVE,APPROVED,,150,2025-01-19,true
90,هادي الأغا,user90@impactloop.demo,+970566910964,مستفيد,LEARNER,,,,,,,قلقيلية,قلقيلية,32.182852,34.967395,ملابس,COMMUNITY_MEMBER,fabric_textiles|art_crafts|recycling,ADVANCED,,متعلم مهتم بمشاريع إعادة الاستخدام المرتبطة بفئة ملابس.,https://api.dicebear.com/9.x/initials/png?seed=%D9%87%D8%A7%D8%AF%D9%8A%20%D8%A7%D9%84%D8%A3%D8%BA%D8%A7,ACTIVE,,,327,2025-05-22,false
91,علي دراغمة,user91@impactloop.demo,+970567121355,مستفيد,LEARNER,,,,,,,قلقيلية,قلقيلية,32.185238,34.979085,أثاث منزلي,COMMUNITY_MEMBER,woodworking|home_diy|recycling,ADVANCED,,متعلم مهتم بمشاريع إعادة الاستخدام المرتبطة بفئة أثاث منزلي.,https://api.dicebear.com/9.x/initials/png?seed=%D8%B9%D9%84%D9%8A%20%D8%AF%D8%B1%D8%A7%D8%BA%D9%85%D8%A9,ACTIVE,,,475,2025-05-11,false
92,ليان دويكات,user92@impactloop.demo,+970599906224,طالب,LEARNER,,,,,,,طولكرم,طولكرم,32.311136,35.017509,أدوات مطبخ,STUDENT,home_diy|recycling,ADVANCED,,متعلم مهتم بمشاريع إعادة الاستخدام المرتبطة بفئة أدوات مطبخ.,https://api.dicebear.com/9.x/initials/png?seed=%D9%84%D9%8A%D8%A7%D9%86%20%D8%AF%D9%88%D9%8A%D9%83%D8%A7%D8%AA,ACTIVE,,,435,2025-03-09,false
93,سلمى حداد,user93@impactloop.demo,+970564785186,منظمة شريكة,SUPPLIER,ORGANIZATION,WORKSHOP,جمعية أثر لإعادة الاستخدام المجتمعي,جمعية أثر لإعادة الاستخدام المجتمعي,WORKSHOP,سلمى حداد,جنين,اليامون,32.464631,35.300372,أدوات مكتبية,,,,جهة شريكة في ImpactLoop تعمل على إعادة الاستخدام وتبادل المواد، مع اهتمام خاص بفئة أدوات مكتبية.,,https://api.dicebear.com/9.x/initials/png?seed=%D8%B3%D9%84%D9%85%D9%89%20%D8%AD%D8%AF%D8%A7%D8%AF,ACTIVE,APPROVED,VERIFIED,197,2025-02-26,true
94,سارة عبد الهادي,user94@impactloop.demo,+970597392547,متطوع,SUPPLIER,INDIVIDUAL,INDIVIDUAL_SUPPLIER,سارة عبد الهادي,,,,طوباس,كردلة,32.329169,35.375679,أثاث منزلي,,,,متطوع مجتمعي يساهم في توفير ومشاركة المواد القابلة لإعادة الاستخدام، ويهتم بشكل خاص بفئة أثاث منزلي.,,https://api.dicebear.com/9.x/initials/png?seed=%D8%B3%D8%A7%D8%B1%D8%A9%20%D8%B9%D8%A8%D8%AF%20%D8%A7%D9%84%D9%87%D8%A7%D8%AF%D9%8A,ACTIVE,APPROVED,,355,2025-04-16,true
95,جهاد أبو زنط,user95@impactloop.demo,+970562060605,منظمة شريكة,SUPPLIER,ORGANIZATION,WORKSHOP,مبادرة أرضنا الخضراء,مبادرة أرضنا الخضراء,WORKSHOP,جهاد أبو زنط,رام الله والبيرة,رام الله والبيرة,31.897637,35.197211,أدوات مطبخ,,,,جهة شريكة في ImpactLoop تعمل على إعادة الاستخدام وتبادل المواد، مع اهتمام خاص بفئة أدوات مطبخ.,,https://api.dicebear.com/9.x/initials/png?seed=%D8%AC%D9%87%D8%A7%D8%AF%20%D8%A3%D8%A8%D9%88%20%D8%B2%D9%86%D8%B7,ACTIVE,APPROVED,VERIFIED,342,2025-07-04,true
96,خالد دراغمة,user96@impactloop.demo,+970562630611,مستفيد,LEARNER,,,,,,,قلقيلية,قلقيلية,32.187881,34.981237,أدوات مكتبية,COMMUNITY_MEMBER,art_crafts|recycling,BEGINNER,,متعلم مهتم بمشاريع إعادة الاستخدام المرتبطة بفئة أدوات مكتبية.,https://api.dicebear.com/9.x/initials/png?seed=%D8%AE%D8%A7%D9%84%D8%AF%20%D8%AF%D8%B1%D8%A7%D8%BA%D9%85%D8%A9,ACTIVE,,,79,2025-07-15,false
97,لارا عياش,user97@impactloop.demo,+970567960607,مساهم مواد,SUPPLIER,INDIVIDUAL,INDIVIDUAL_SUPPLIER,لارا عياش,,,,أريحا,أريحا,31.860905,35.468173,ألعاب أطفال,,,,مساهم مواد مجتمعي يعرض مواد فائضة قابلة لإعادة الاستخدام، مع اهتمام خاص بفئة ألعاب أطفال.,,https://api.dicebear.com/9.x/initials/png?seed=%D9%84%D8%A7%D8%B1%D8%A7%20%D8%B9%D9%8A%D8%A7%D8%B4,ACTIVE,APPROVED,,325,2025-07-09,true
98,سيف عمرو,user98@impactloop.demo,+970592666893,متطوع,SUPPLIER,INDIVIDUAL,INDIVIDUAL_SUPPLIER,سيف عمرو,,,,بيت لحم,تقوع,31.696965,35.207336,أدوات مكتبية,,,,متطوع مجتمعي يساهم في توفير ومشاركة المواد القابلة لإعادة الاستخدام، ويهتم بشكل خاص بفئة أدوات مكتبية.,,https://api.dicebear.com/9.x/initials/png?seed=%D8%B3%D9%8A%D9%81%20%D8%B9%D9%85%D8%B1%D9%88,ACTIVE,APPROVED,,471,2025-11-12,true
99,جاد بدوي,user99@impactloop.demo,+970592538024,مستفيد,LEARNER,,,,,,,سلفيت,سلفيت,32.084203,35.181584,مواد خام,COMMUNITY_MEMBER,recycling|home_diy,BEGINNER,,متعلم مهتم بمشاريع إعادة الاستخدام المرتبطة بفئة مواد خام.,https://api.dicebear.com/9.x/initials/png?seed=%D8%AC%D8%A7%D8%AF%20%D8%A8%D8%AF%D9%88%D9%8A,ACTIVE,,,20,2025-01-26,false
100,رنا زيد,user100@impactloop.demo,+970564623062,مستفيد,LEARNER,,,,,,,أريحا,الزبيدات,31.854454,35.468663,مواد بناء متبقية,COMMUNITY_MEMBER,woodworking|home_diy|recycling,ADVANCED,,متعلم مهتم بمشاريع إعادة الاستخدام المرتبطة بفئة مواد بناء متبقية.,https://api.dicebear.com/9.x/initials/png?seed=%D8%B1%D9%86%D8%A7%20%D8%B2%D9%8A%D8%AF,ACTIVE,,,406,2025-03-26,false
